c1.jpg,마리떼 프랑소와 저버,CLASSIC LOGO SWEATSHIRT navy,84550
c2.jpg,토마스모어,TE3-TS06 앳우드 스웻 셔츠-네이비,67500
c3.jpg,디스이즈네버댓,Felt Applique Crewneck Light Heather Grey,34000
c4.jpg,제멋,애론 럭비 카라 스웨트셔츠 네이비 KJMT2547,33900
c5.jpg,러프사이드,Oversized Sweat Shirt Graphite,98000
c6.jpg,곤니치와봉쥬르,Univ MTM(GREY) (S사이즈 입고),45500
c7.jpg,러프사이드,Oversized Sweat Shirt Navy,98000
c8.jpg,스노우피크 어패럴,폴라텍 맨투맨 Dark Khaki (S22WMTHT51),49000
c9.jpg,디스이즈네버댓,RS-Logo Crewneck Violet,34000
c10.jpg,디스커스 애슬레틱,오버 핏 타이거 스웨트 셔츠 미드 그레이,37900
c11.jpg,커버낫,스몰 어센틱 로고 맨투맨 - 블랙,47200
c12.jpg,퍼스텝,노마드 투톤 카라 맨투맨 그린 HYMT4526,37800
c13.jpg,곤니치와봉쥬르,Cb SAINT 90'S MTM(ASH),45500
c14.jpg,마리떼 프랑소와 저버,DOODLE BEAR SWEATSHIRT dark brown,98100
c15.jpg,러프사이드,Oversized Sweat Shirt Black,98000
c16.jpg,와일드동키,(U) FG-BAD (ASH),347000
c17.jpg,디스이즈네버댓,Sea Monster Crewneck Heather Grey,34000
c18.jpg,디스이즈네버댓,Oval Sticker Crewneck Light Heather Grey,34000
c19.jpg,세터,로잔 스웨트셔츠 블랙,134100
c20.jpg,웨이브유니온,Stockholm Oversized fit Sweatshirt navy,72000
c21.jpg,에이카화이트,BIG LOGO SWEATSHIRT-NAVY/WHITE,69000
c22.jpg,리,빅 트위치 맨투맨 라이트 그레이,42660
c23.jpg,곤니치와봉쥬르,Univ MTM(NAVY) (S사이즈 입고),45500
c24.jpg,커버낫,스트라이프 럭비 맨투맨 - 네이비,55300
c25.jpg,와일드동키,(U) FR-IPSUM (DEEP NAVY BLUE),258000
c26.jpg,커버낫,[24FW] 스몰 C 로고 럭비 맨투맨 - 네이비,89000
c27.jpg,디스이즈네버댓,Globe Crewneck Heather Grey,34800
c28.jpg,에이카화이트,EVERYDAY AECA CLOVER SWEAT SHIRTS-GREY,69000
c29.jpg,Retriever Club,RETRIEVER FRIENDS CREWNECK [CHARCOAL],39600
c30.jpg,커버낫,피그먼트 어센틱 오버핏 맨투맨 - 인디고,39000