c1.jpg,마리떼 프랑소와 저버,CLASSIC LOGO SWEATSHIRT navy,84550,c25.jpg,c12.jpg,c21.jpg,Navy,Sweatshirt.Mid,Yes
c2.jpg,토마스모어,TE3-TS06 앳우드 스웻 셔츠-네이비,67500,c14.jpg,c5.jpg,c21.jpg,Black,Sweatshirt,Mid,Yes
c3.jpg,디스이즈네버댓,Felt Applique Crewneck Light Heather Grey,34000,c16.jpg,c9.jpg,c17.jpg,Gray,Sweatshirt,Low,Yes
c4.jpg,제멋,애론 럭비 카라 스웨트셔츠 네이비 KJMT2547,33900,c11.jpg,c14.jpg,c8.jpg,Navy,Turtleneck,Low,No
c5.jpg,러프사이드,Oversized Sweat Shirt Graphite,98000,c14.jpg,c20.jpg,c30.jpg,Gray,Sweatshirt,High,No
c6.jpg,곤니치와봉쥬르,Univ MTM(GREY) (S사이즈 입고),45500,c12.jpg,c9.jpg,c3.jpg,Gray,Sweatshirt,Low,Yes
c7.jpg,러프사이드,Oversized Sweat Shirt Navy,98000,c30.jpg,c14.jpg,c8.jpg,Gray,Sweatshirt,High,No
c8.jpg,스노우피크 어패럴,폴라텍 맨투맨 Dark Khaki (S22WMTHT51),49000,c30.jpg,c20.jpg,c28.jpg,Purple,Sweatshirt,Low,Yes
c9.jpg,디스이즈네버댓,RS-Logo Crewneck Violet,34000,c6.jpg,c3.jpg,c16.jpg,Gray,Sweatshirt,Low,Yes
c10.jpg,디스커스 애슬레틱,오버 핏 타이거 스웨트 셔츠 미드 그레이,37900,c21.jpg,c1.jpg,c28.jpg,Black,Sweatshirt,Low,No
c11.jpg,커버낫,스몰 어센틱 로고 맨투맨 - 블랙,47200,c4.jpg,c20.jpg,c8.jpg,Navy,Turtleneck,Low,No
c12.jpg,퍼스텝,노마드 투톤 카라 맨투맨 그린 HYMT4526,37800,c6.jpg,c3.jpg,c9.jpg,Gray,Sweatshirt,Low,Yes
c13.jpg,곤니치와봉쥬르,Cb SAINT 90'S MTM(ASH),45500,c1.jpg,c7.jpg,c10.jpg,Brown,Sweatshirt,Low,Yes
c14.jpg,마리떼 프랑소와 저버,DOODLE BEAR SWEATSHIRT dark brown,98100,c5.jpg,c2.jpg,c1.jpg,Black,Sweatshirt,High,No
c15.jpg,러프사이드,Oversized Sweat Shirt Black,98000,c3.jpg,c27.jpg,c9.jpg,Gray,Sweatshirt,High,Yes
c16.jpg,와일드동키,(U) FG-BAD (ASH),347000,c3.jpg,c9.jpg,c28.jpg,Gray,Sweatshirt,High,Yes
c17.jpg,디스이즈네버댓,Sea Monster Crewneck Heather Grey,34000,c3.jpg,c16.jpg,c27.jpg,Gray,Sweatshirt,Low,Yes
c18.jpg,디스이즈네버댓,Oval Sticker Crewneck Light Heather Grey,34000,c11.jpg,c4.jpg,c1.jpg,Ivory,Turtleneck,Low,No
c19.jpg,세터,로잔 스웨트셔츠 블랙,134100,c25.jpg,c1.jpg,c21.jpg,Navy,Sweatshirt,High,Yes
c20.jpg,웨이브유니온,Stockholm Oversized fit Sweatshirt navy,72000,c8.jpg,c5.jpg,c30.jpg,Brown,Sweatshirt,Mid,Yes
c21.jpg,에이카화이트,BIG LOGO SWEATSHIRT-NAVY/WHITE,69000,c1.jpg,c10.jpg,c23.jpg,Navy,Sweatshirt,Mid,Yes
c22.jpg,리,빅 트위치 맨투맨 라이트 그레이,42660,c16.jpg,c12.jpg,c3.jpg,Gray,Sweatshirt,Low,Yes
c23.jpg,곤니치와봉쥬르,Univ MTM(NAVY) (S사이즈 입고),45500,c6.jpg,c21.jpg,c29.jpg,Black,Sweatshirt,Low,Yes
c24.jpg,커버낫,스트라이프 럭비 맨투맨 - 네이비,55300,c26.jpg,c11.jpg,c1.jpg,Ivory,Turtleneck,Low,Yes
c25.jpg,와일드동키,(U) FR-IPSUM (DEEP NAVY BLUE),258000,c1.jpg,c19.jpg,c21.jpg,Navy,Sweatshirt,High,Yes
c26.jpg,커버낫,[24FW] 스몰 C 로고 럭비 맨투맨 - 네이비,89000,c24.jpg,c18.jpg,c11.jpg,Ivory,Turtleneck,Mid,Low
c27.jpg,디스이즈네버댓,Globe Crewneck Heather Grey,34800,c3.jpg,c16.jpg,c15.jpg,Gray,Sweatshirt,Low,Yes
c28.jpg,에이카화이트,EVERYDAY AECA CLOVER SWEAT SHIRTS-GREY,69000,c3.jpg,c8.jpg,c16.jpg,Gray,Sweatshirt,Mid,No
c29.jpg,Retriever Club,RETRIEVER FRIENDS CREWNECK [CHARCOAL],39600,c23.jpg,c25.jpg,c19.jpg,Gray,Sweatshirt,Low,Yes
c30.jpg,커버낫,피그먼트 어센틱 오버핏 맨투맨 - 인디고,39000,c8.jpg,c5.jpg,c7.jpg,Navy,Sweatshirt,Low,No
c31.jpg,Fiorucci,빈티지 엔젤스 레드 Sweatshirt,59900,c33.jpg,c1.jpg,c32.jpg,Red,Sweatshirt,Low,Yes
c32.jpg,피에르가르뎅,레이스 반팔 Sweatshirt,49900,c33.jpg,c1.jpg,c31.jpg,Black,Sweatshirt,Low,No
c33.jpg,KARL LAGERFELD,아이코닉 포켓 Sweatshirt,163900,c31.jpg,c32.jpg,c1.jpg,Black,Sweatshirt,High,Yes
c34.jpg,피에르가르뎅,라운드 니트 Sweatshirt,89000,c32.jpg,c28.jpg,c31.jpg,Red,Sweatshirt,Mid,No
